"id","equity","numeroValore","ticker"
1673,"OCEAN STRATEGIES","020232","battle7"
1686,"KINGATE GLOBAL FUND SHS USD","030711","battle18"
380,"AVENTIS","0511029EU","AVE.PA"
159,"Adidas Salomon","059053EU","ADS.XE"
1602,"Swissca Lux Fund FCP","1002623","palace44"
1725,"DH Global Inv Euro Leaders","1002805","bianchi16"
1848,"Rights on Gas Natural","10037456EU","GAS.D.MAC"
259,"BG Group Common Stock","1007667","BG..L"
382,"Miracle HDL N","1009374CH","MIRZn.S"
1611,"Thomson","1010505","palace51"
540,"HILTI PS","101097CH","HILP.S"
1797,"Eircom Holdings Ltd","10118406","ERC.AX"
1641,"Beni Stabili Spa","1012978","bigmac21"
1628,"Gothard Nassau Slam Notes Lkd To Nokja","1019076","bigmac9"
486,"FREENET.DE AG","1020957EU","FRNG.F"
897,"Seat Pagine Gialle SpA","1025580EU","PGR.MI"
418,"DT Telekom N","1026592EU","DTE.XE"
1943,"Gam","10265962CH","GAM.S"
177,"Amer Intl Group Common Stock","10315741US","AIG"
881,"FINMECCANICA SPA","1031917EU","FNC.MI"
1984,"SUNCOR ENERGY  INC. CO","10339747US","SU.N"
382,"Dominion Rsc Common Stock","1034750","D"
936,"Target Corp Common Stock","1036943","TGT"
563,"Infineon Technologies AG","1038049EU","IFX.XE"
1654,"Ralston Purina","104914","bigmac32"
219,"Actelion LTD","1053247CH","ATLN.S"
616,"Lindt & Sprüngli N","1057075CH","LISN.S"
506,"Givaudan N","1064593CH","GIVN.S"
1593,"Pharmacia Corp.","1067784","palace35"
1499,"Komax N","1070215CH","KOMN.S"
701,"NH Hoteles Common Stock","10714EU","NHH.MAC"
1647,"Cray Inc. Restricted","1071609","bigmac27"
1667,"GOTTEX MARKET NEUTRAL FUND","1072369","battle"
215,"ASML HOLDING NV","1072820EU","ASML.AS"
866,"SERONO I","1075192CH","SEO.VX"
1616,"Tiscali","1076351","palace56"
597,"KPN Koninklijke","1076509EU","KPN.AS"
987,"UnitedHealth Grp Common Stock","1078451","UNH"
1023,"Worldcom Inc.","1080960US","WCOM.O"
1646,"Gotthard Bank Slam Rel SHS SONERA","1082855","bigmac26"
1572,"Getronics NV","1083560","palace15"
578,"ITALCEMENTI SPA","1086183EU","IT.MI"
611,"Leica Geosystem","1087048CH","LGSN.S"
1706,"ISHARES INC MSCI South Korea","1087270US","US4642867729"
1403,"Prisa","1093403EU","PRS.MAC"
1174,"Tpi Telefonica Pub Info","1093893EU","TPI.MNM"
1576,"Art Advanced Research Technologies Inc.","1094673","palace19"
94,"Mizuho Holdings Inc.","1095726JP","8305.T"
1705,"ISHARES INC MSCI Taiwan","1097771US","US4642867315"
1075,"Oberthur","1097947EU","OCS.PA"
1651,"Global Water Technologies","1100523","bigmac29"
1497,"Cytos N","1102521CH","CYTN.S"
560,"INFICON N","1102994CH","IFCN.S"
921,"Syngenta AG","1103746CH","SYNN.S"
767,"Philips","1106818CH","PH.S"
766,"Philips","1106818EU","PHIA.AS"
1052,"Zurich Financial Services N","1107539CH","ZURN.S"
400,"DEGUSSA AG","1122160EU","DGX.XE"
221,"Avaya Inc.","1126497US","AV"
1496,"Basilea N","1143244CH","BSLN.S"
728,"Novozymes B","1143702DKK","NZYMb.CO"
1619,"Interrew","1147290","palace59"
835,"RWE AG","1158883EU","RWE.XE"
163,"Aetna","1165699US","AET"
423,"Vivendi SA","1165915EU","VIV.PA"
1946,"Luzerner Kantonalbank","1169360CH","LUKN.S"
1482,"iShares DAX (DE)","1174954EU","EXS1.XEI"
1072,"Agere System Inc A","1174989US","AGR-A"
549,"HPI HLD PART IND","1175755EU","HPI.MI"
1513,"Kaba Holdings AG","1179595CH","KABN.S"
1591,"Orange SA","1181251","palace33"
1362,"McDATA Corp A","1183850US","MCDTA"
1819,"Lyxor ETF DJ Euro Stoxx 50","11893431576","bang3"
709,"Novartis Na","1200526CH","NOVN.S"
824,"Roche Holding Gs","1203204CH","ROG.S"
823,"Roche Portatore","1203211CH","RO.S"
1658,"Gotthard Bank Gred Units Lkd USD/JPY 20.12.01","1204382","bigmac36"
1659,"Cristallo BDG Lkd to Healtcare Biotech 30.03.06","1210611","bigmac37"
368,"Credit Suisse Group Na","1213853CH","CSGN.S"
154,"Adecco SA Common Stock","1213860CH","ADEN.S"
335,"Clariant N","1214263CH","CLN.S"
1685,"RICHCOURT FUTURES INC SHS C SD","1215572","battle17"
546,"Holcim N","1221405CH","HOLN.S"
138,"ABB LTD","1222171CH","ABBN.S"
1722,"10% SNS BANK NETH LKD TO NIKKEI225 18/04/02","1223759","bianchi13"
977,"Swatch Group I.","1225515CH","UHR.S"
1605,"Pictet Fix Income Fund Eur","1226052","palace47"
602,"KUDELSKI I","1226836CH","KUD.S"
907,"Straumann Holding AG","1228007CH","STMN.S"
1488,"DJ STOXX 600 BANKS EX","1232735EU","EXV1.XE"
834,"Schweiz. Rueck Na","1233237CH","RUKN.S"
1010,"Vontobel Common Stock","1233554CH","VONN.S"
1367,"Micronas Semiconductors","1233742CH","MASN.S"
277,"BNP PARIBAS","123397EU","BNP.PA"
1730,"SEZ N","1235206CH","SEZN.S"
239,"BALOISE HDL N","1241051CH","BALN.S"
1723,"0% KBC FINANCIAL 28/05/06 LKD TO IVC ASCENT FUND","1241282","bianchi14"
1350,"Temenos N","1245391CH","TEMN.S"
1661,"0.5 % Swiss life finance conv 05.07.06","1248522","bigmac39"
648,"MCI Group SHS Worldcom Inc.","1248673US","MCIT.O"
443,"ENEL","1250633EU","ENEL.MI"
444,"ENI SPA","1252314EU","ENI.MI"
355,"AT&T Wireless","1253381US","AWE"
1349,"Phonak N","1254978CH","SOON.S"
568,"ING GROEP NV","1256533EU","INGA.AS"
1348,"Nomura Topix ETF","1264134JP","1306.T"
1769,"Abengoa","1268457EU","ABG.MAC"
816,"Richemont Common Stock","1273145CH","CFR.S"
1662,"BDG 3 Months USD Libor 2006","1285029","bigmac40"
1282,"Shape Capital","1288584CH","SHPN.S"
292,"BT Group","1292393GBP","BT.A.L"
738,"MMO2 Plc","1292397GBP","OOM.L"
329,"Converium N","1299771CH","CHRN.S"
673,"Altria Group","1331740US","MO"
372,"UBS Ia","136101CH","null3"
1663,"Gotthard bank cred-call spread EUR/CHF 02.05.02","1366264","bigmac41"
1336,"Alcon Inc","1382649US","ACL"
1339,"Wyeth","1382944US","WYE"
626,"LONZA GROUP AG Common Stock","1384101CH","LONN.S"
1068,"TRAVELER PROP CASUALITY CORP - A -","1387479US","TAP-A"
1144,"Telecom Italia Media","1389920EU","TME.MI"
855,"Schindler Gs","1391410CH","SCHP.S"
1597,"BDG Cert DJ EUROSTOXX50 Index","1392118","palace39"
1664,"3M CO","1405105","bigmac42"
1074,"Agere Systems Inc","1416618US","AGR-B"
1560,"Parkervision Inc","141805","palace3"
379,"Alusuisse N","141832CH","ALUSn"
868,"Siegfried N","1428449CH","SFZN.S"
1093,"Medco Health Solutions","1430073US","MHS"
1674,"TALENTUM ACTIVEDGE FUND LTD","1439237","battle8"
1574,"BB Biotech AG","144158","palace17"
1487,"DJ ST.600 IND.GOODS+S.EX","1461747EU","EXH4.XE"
1071,"TRAVELERS PROPERTY CASUALTIY GROUP -B-","1467171US","TAP-B"
1772,"Kontron AG","1469452EU","KBC.XE"
799,"Swiss Life Holding","1485278CH","SLHN.S"
1672,"SAM THE EVENT DRIVEN FUND CLASS USD","1488096","battle6"
1676,"MAN MULTI-STRATEGY CH FUND","1506891","battle10"
340,"Comcast Corp A","1508590US","CMCSA"
1431,"Lernout & Hauspie","151044US","LHSPQ.OI"
1679,"THAMES RIVER EDO FUND","1526653","battle 12"
1675,"SILVER SHIELD FUND","1549985","battle9"
1615,"BDG Open End Cert. S&P 500","1568354","palace55"
328,"EMS-CHEMIE HLD SA","158703CH","EMSN.S"
1352,"Info Architects","1592652US","IKU.GBE"
827,"Rolls-Royce Common Stock","1593103","RR..L"
1817,"Merril Lynch Sicav-Global Fundamental Value Fund","1597095","bang2"
942,"Telecom Ita Risp","1602293EU","TITR.MI"
1695,"ABSOLUTE RETURN EUROPE FUND RED PART SHS USD","1618006","battle26"
1670,"FAIRFIELD REDSTONE FUND-A1","1620042","battle4"
1677,"PAULSON INTERNATIONAL LTD SERIES 1","1632996","battle11"
1636,"Stressgen Biotech. ""A""","163427","bigmac16"
941,"Telecom Italia Common Stock","1642910EU","TIT.MI"
395,"Dell Inc.","1647069US","DELL"
1694,"THE NEOM GLOBAL MACRO FUND CLASS B USD","1648509","battle25"
1134,"Antena 3 TV","1689696EU","A3TV.MAC"
320,"Travelers Group Inc.","169016US","null4"
205,"Time Warner Inc.","1700642US","TWX"
327,"Lindt Spruengli","172007CH","null22"
1586,"Integrated silicon solution inc.","172043","palace28"
467,"Fischer N","175230CH","FI-N.S"
2231,"Cobacrest","1786595","ABT.GBE"
1682,"FOCUS ENHANCED ARBITRAGE FUND CALSS A","1817529","battle14"
1526,"Deutsche Postbank","1857493EU","DPB.XE"
1707,"Synthes","1863105CH","SYST.S"
1681,"YORK INVESTMENT LTD CLASS A","1869258","battle13"
151,"Acerinox SA Common Stock","1876417EU","ACX.MAC"
635,"Las Vegas Sands","1946078US","LVS"
1689,"PARADIGM GLOBAL FUND I LTD CLASS I USD","1973896","battle20"
1948,"Ferrovial","1978482EU","FER.MAC"
804,"Royal Dutch Shell","1987674EU","RDSA.AS"
1692,"MELLON OFFSHORE GLOBAL OPP FUND","1990631","battle23"
1657,"Tipico Spa","19948","bigmac35"
1691,"GLS OFFSHORE GLOBAL OPP. FUND CLASS BNR S1","1997680","battle22"
170,"AGF","201655EU","AGF.PA"
1407,"Daiichi Sankyo","2082619JP","4568.T"
1495,"Arpida N","2121806CH","ARPN.S"
1402,"Seven & I Holdings","2131750JP","3382.T"
1135,"Antena 3 TV","2133509EU","A3TV.MAC"
1498,"Speedel Holding N","2148388CH","SPPN.S"
1400,"Panalpina N","216808CH","PWTN.S"
778,"Banco Popular","2197353EU","POP.MAC"
1051,"Zellweger","221342CH","ZEL.S"
1747,"ARCELOR MITTAL","2225769EU","MT.AS"
1757,"Schifffahrtsgesellschaft des Vierwaldstaettersees","227567CH","227567CH"
1758,"Seebad Luzern","229982CH","229982CH"
925,"AT&T","230973CH","T.S"
924,"AT&T Corp.","2342429US","T"
675,"TELENT Plc","2355662GB","TLNT.L"
913,"SULZER N","237645CH","SUN.S"
1600,"Parti Ostvalor","242300","palace42"
1710,"SASEA HOLDING","243100","bianchi1"
293,"Bucher HDL I","243217CH","BUCN.S"
1571,"Lagardere Sca","24495","palace14"
974,"UBS AG Na","2489948CH","UBSN.S"
1078,"SGS Surveillance","249745CH","SGSN.S"
1543,"ARKEMA","2536519EU","AKE.PA"
164,"Aegon NV Common Stock","2545785EU","AGN.AS"
985,"Unilever NV Common Stock","2560588EU","UNA.AS"
1076,"Logitech N","2575132CH","LOGN.S"
1650,"Certificato opzione put su Swisscom","2646998CH","SCMNP.S"
435,"Elsevier NV Common Stock","273044EU","REN.AS"
1750,"Petroplus","2775224CH","PPHN.S"
1584,"Onda Asia","279152","palace26"
1794,"FR 20 Schweiz Vreneli","281383CH","281383CH"
1717,"South Africa Kruegerrand monete","281624","bianchi8"
1718,"Argento once","287613","bianchi9"
1720,"PKB INTERNATIONAL EQUITIES FUND","287770","bianchi11"
238,"Julius Baer","2975865CH","BAER.S"
618,"Liechtensteinische Landesbank AG","3019524CH","LLB.S"
1721,"GUIDANT CORP","306375","bianchi12"
1764,"Covidien Ltd","3196412US","COV"
1762,"Tyco Electronics Ltd","3202239US","TEL"
1877,"Cominvest Fondak","322378EU","HJVD.F"
191,"Allianz AG","322646CH","ALV.S"
189,"ALLIANZ AG","322646EU","ALV.XE"
284,"STMicroelectronics","322853EU","null23"
242,"BASF AG","323600EU","BAS.XE"
286,"Bayer AG Leverkusen","324230CH","BAYG.S"
246,"BAYER AG","324230EU","BAY.XE"
910,"STMicroelectronics","324774EU","STM.PA"
1166,"STMicroelectron Common Stock","324774MI","STM.MI"
1620,"British Sky Broadcasting Plc","325444","bigmac1"
1031,"Washington Mut Common Stock","325959US","WM"
291,"Commerzbank AG","327650D","null45"
307,"Commerzbank AG","327650EU","CBK.XE"
197,"Daimler Benz AG","328135CH","null24"
198,"Daimler Benz AG","328135D","null25"
199,"Deutsche Bank AG","328500D","null44"
200,"Deutsche Bank AG","328500EU","null26"
1634,"SBC Comm Inc.","330544","bigmac14"
415,"Dresdner Bk AG","330650D","DRSDn.DE"
202,"Hoechst AG","332290EU","null43"
475,"Fresenius Medi Common Stock","332900","FME.XE"
174,"AHOLD","3333424EU","AH.AS"
143,"Barrick Gold Common Stock","337680US","ABX"
1595,"KALI UND SALZ AG","337898","palace37"
1656,"Banco di Desio e della Brianza SPA","338638","bigmac34"
614,"LINDE AG","340045EU","LIN.XE"
204,"Mannesmann AG","340650EU","MMNGn.DE"
639,"MAN AG","340813EU","MAN.XE"
684,"Münchener Rückvers.","341960EU","MUV2.XE"
782,"Preussag AG","344930EU","TUI.XE"
843,"SAP AG","345952EU","SAP.XE"
844,"SAP AG","345952ZH","SAP.S"
211,"SAP AG VZ","345953EU","null27"
853,"Schering AG","347045EU","SCH.XE"
213,"SIEMENS","347964D","null42"
214,"SIEMENS","347964EU","null28"
1621,"Thyssen Ag","350060","bigmac2"
1457,"Kuoni Reisen Holding SA","350485CH","KUNN.S"
622,"Lockheed Martin Common Stock","351011","LMT"
446,"E.ON","351020CH","EONG.S"
220,"E.ON","351020D","null41"
1013,"Volkswagen AG","352780CH","VW.S"
1011,"Volkswagen AG","352780EU","VOW.XE"
1747,"ARCELOR MITTAL","3529315EU","MT.AS"
224,"BASF AG","353600D","null20"
871,"SGL Carbon","355063EU","SGL.F"
147,"Autostrade Conc. E Costr. Autostrade","357775EU","AUTO.MI"
1462,"Super de Boer NV","3640946EU","SDB.AS"
228,"Simint SpA","370717EU","SIMI.MI"
1653,"Vasomedical Inc.","371028","bigmac31"
1638,"Barclays Plc","371770","BARC.L"
245,"British Airways","374255GBP","BAY.L"
1411,"FEI Co","374733US","FEIC"
230,"Zurigo Na","375028CH","null5"
231,"WorldCom","375270US","null30"
1558,"British Telecom Plc","375489","palace2"
1515,"Nobel Biocare","3785164CH","NOBN.S"
1581,"CGNU PLC","379609","palace23"
1582,"QLT Phototherapeutics Inc.","380517","palace24"
697,"Nestle Na","3886335CH","NESN.S"
1828,"Electronic Materials","389915","bang6"
1830,"Freeport McMoran Copper & Gold Inc","391280","FCX"
785,"Prudential Common Stock","401267GB","PRU.L"
803,"Royal Bk Scotld Common Stock","403197GB","RBS.L"
1583,"J. Sainsbury Plc","403712","palace25"
1567,"Anormed Inc","405964","palace10"
552,"HSBC Common Stock","411161GB","HSBA.L"
1626,"Thyssen Krupp Ag","412006","bigmac7"
1690,"YORK INVESTMENT LTD CLASS A SERIES 1 2002","415772","battle21"
1637,"TERA COMPUTER","415981","bigmac17"
1009,"Vodafone Group Common Stock","416029GB","VOD.L"
235,"SBC Na","42204CH","null6"
445,"E.ON","4334819EU","EOAN.XE"
1648,"LYNX Therapeutics Inc","435012","bigmac28"
1283,"Creinvest SA","442297CH","CRE-USD.S"
241,"Novartis Ia","445885CH","null21"
632,"Lucent Tech.","448595US","LU"
1800,"Reinet Investment","4503016EU","RNT.GMU"
902,"SPY","45088US","SPY.N"
1885,"Cell Therapeutics","4536046US","CTIC.O"
331,"Ciba Special Common Stock","4604230CH","CIBN.S"
722,"Novo Nordisk ADR","461641US","NVO.N"
625,"Logista SA","467061EU","LOG.MAC"
706,"Nokia OYJ","472672EU","NOK1V.OMX"
705,"Nokia Corp ADR","472721US","NOK.N"
1866,"Time Warner Cable","4748934US","TWC"
1710,"DH Taipan Portfolio","479844","bianchi15"
2195,"Transocean","4826551US","RIG.N"
144,"ACCOR","485822EU","AC.PA"
1579,"Alcatel","485864","palace21"
325,"Alcatel PS","485864CH","AAC.S"
324,"Alcatel","485864EU","ALU.PA"
1598,"AXA Paris","486352","CS.PA"
384,"Groupe Danone Common Stock","487663EU","BN.PA"
301,"CAP Gemini","488070EU","CAP.PA"
302,"Carrefour","488167EU","CA.PA"
873,"CIE DE SAINT-GOBAIN","490580EU","SGO.PA"
1622,"British Energy Plc","494199","bigmac3"
178,"AIR LIQUIDE","502455EU","AI.PA"
740,"L Oreal Common Stock","502805EU","OR.PA"
1684,"SAM THE VOLATILITY DRIVEN FUND","503473","battle16"
1629,"AT & T CORP ""A"" Liberty Media","503492","bigmac10"
1613,"NASDAQ 100 TRUST SERIES","503594","palace53"
603,"LAFARGE","504482EU","LG.PA"
636,"LVMH Common Stock","507170EU","MC.PA"
854,"Schneider Electric","509120EU","SU.PA"
166,"Rhone - Poulenc A","511029EU","null7"
1753,"Willis Lease Finance","519101US","WLFC.O"
892,"SOC GEN","519928EU","GLE.PA"
363,"Rolo Banca 1473","520872EU","CROI.MI"
420,"Durban Roodepoort","521514SA","DURJ.J"
1599,"Suez Nanterre","522001","palace41"
953,"TotalFinaElf Common Stock","524773EU","FP.PA"
1669,"FOCUS ARBITRAGE FUND","529247.9","battle3"
1630,"TCI Sat Enterteinment Inc.","546368","bigmac11"
171,"Synthes-Stratec","551581CH","SYST.S"
882,"Schlumberger Ltd Common Stock","555100US","SLB"
1759,"Donana","558577EU","558577EU"
694,"NCR Corp","560034US","NCR"
1714,"ALLEANZA ASSICURAZIONI SPA","565855","bianchi5"
492,"Ass. Generali SpA","566030EU","G.MI"
762,"B.POP Bergamo","566636EU","PBCV.MI"
360,"Unicredito","569105EU","UC.MI"
651,"Mediobanca SpA Common Stock","574959EU","MB.MI"
1640,"Banca Intesa","575914","bigmac20"
770,"PIRELLI C SPA","576546EU","PC.MI"
331,"Ciba Spez. Na","581972CH","CIBN.S"
1617,"Ciena","582383","palace57"
1715,"VILLA D'ESTE SPA","585483","bianchi6"
179,"Royal Dutch ","587843CH","RD.S"
1377,"Royal Dutch ","587843EU","RDA.AS"
1014,"VPBK Vaduz I","591288CH","VPB.S"
1711,"COMP OCC POUR LA FINANCE ET INDUSTR","593414","bianchi2"
184,"HPI SpA","597747","null8"
1666,"WORLD INVEST SICAV ABSOLUTE RETURN","600594","battle1"
1608,"JB Multicash Eur","600916","palace49"
135,"ABN AMRO Holding","603768EU","AABA.AS"
175,"AHOLD","608511CH","AHO.S"
1563,"Onda America","61059","palace6"
1459,"Telefon AB. LM. Ericcson","614663SEK","ERIC-B.OMX"
451,"Ericcson B ZT CH","614665CH","ERICZ.S"
1102,"Danzas SA","621300CH","null9"
192,"Rentenanstalt","623098CH","null31"
193,"ABB SA","625432CH","null10"
525,"Hagemeyer NV Common Stock","627944EU","HGM.AS"
1635,"Ziff-Davis Inc.","631319","bigmac15"
1557,"LHS GROUP INC.","645948","palace1"
832,"Rentokil Initial Common Stock","647054GB","RTO.L"
1688,"PAULSON INTERNATIONAL LTD S. 1","649235","battle19"
1760,"Integrated Asset Management","650745GB","IAM.L"
1590,"Vedior NV","651150","palace32"
685,"Morgan Stanley","653571US","MS"
321,"CENTERPULSE","654485CH","CEPN.S"
1084,"Mizuho Financial Group","6591014SEDOL","8411.T"
613,"Lufthansa Common Stock","667979EU","LHA.XE"
1568,"Wolters Kluver Nv","674614","palace11"
972,"Tyco Int.","674698US","TYC"
269,"Billiton Common Stock","675391GB","BLT.L"
1618,"Repsol YPF SA","675467","palace58"
107,"Baloise HLD N","675531CH","null49"
1426,"At Home Corp","678049US","ATHMQ.OI"
734,"OLIVETTI & C. SPA","678563EU","OL.MI"
110,"Telecom Italia S.p. a.","680799IT","null48"
428,"Eden Roc Min.","687237TO","EDN.TO"
113,"Unilever","690500CH","null32"
114,"Unilever","690500EU","null33"
115,"Unilever","690500NLG","null34"
846,"Smithkline  Beecham","696149GBP","SB.L"
754,"Placer Dome Inc Common Stock","697727CA","PDG.TO"
753,"Placer Dome Inc Common Stock","697727US","PDG.N"
845,"Sanofi-Aventis","699381EU","SAN.PA"
929,"Toronto Dominion Common Stock","701890","TD.TO"
149,"ACS Cons Y Serv Common Stock","711746EU","ACS.MAC"
1652,"Hiestand Holding Ag","718698","bigmac30"
1601,"France Telecom SA","720128","FTE.PA"
1373,"Samsung Electronics","721825US","721825US"
466,"Grupo Ferrovial Common Stock","737860CH","737860CH"
237,"Bank of America","748628US","BAC"
983,"Unilever cert CH","748805CH","UN.S"
985,"Unilever","748805EU","UNA.AS"
124,"Unilever Pref.","748810EU","null50"
79,"Canon Inc Common Stock","761599JP","7751.T"
1346,"Chugai Pharmaceutical Ltd.","761611JP","4519.T"
1328,"Daikin Industries Ltd","761643JP","6367.T"
14,"Daiwa House Ind.","761745JP","1925.T"
49,"Furukawa Elec.","761866JP","5801.T"
127,"IBJ","762087JP","null35"
91,"Ito Yokado","762117JP","8264.T"
72,"Kyocera Common Stock","762445JP","6971.T"
56,"Mitsubishi Elec Common Stock","762570JP","6503.T"
38,"Sankyo Common Stock","763227JP","4501.T"
62,"Sony Corp","763300JP","6758.T"
888,"Sony Corp","763304CH","SON.S"
39,"Takeda Chem Inds Common Stock","763546JP","4502.T"
63,"TDK Corp Common Stock","763593JP","6762.T"
55,"Toshiba Corp Common Stock","763734JP","6502.T"
40,"Yamanouchi Pharm Common Stock","764030JP","4503.T"
120,"NTT","764057JP","9432.T"
1643,"Global Water Tech","789356","bigmac23"
1575,"Cendant Corp","793305","palace18"
1057,"Rentenanstalt N","802678CH","Ran.S"
503,"GOLD Fields LTD","803185SA","GFIJ.J"
1512,"Geberit SA","803822CH","GEBN.S"
136,"Aerospatiale-Matra","804612EU","null12"
1043,"Exxon Mobil Corp Common Stock","808963","XOM"
413,"DRAGADOS SA","811569EU","DRC.MAC"
1587,"Libertel NV","811847","palace29"
1644,"Opengate Spa Malnate (VA)","813238","bigmac24"
984,"Unaxis Common Stock","816820CH","OERL.S"
1751,"OERLIKON","81682CH","OERL.S"
1536,"Banco Santander Central","817651EU","SAN.MAC"
141,"Absolute Invest SA","817755CH","ABSZ.S"
1668,"FOCUS ASIA FUND - USD CLASS","822125","battle2"
490,"Gas Natural","822398EU","GAS.MAC"
930,"Telefonica SA Common Stock","826858EU","TEF.MAC"
583,"JDS Uniphase","827665US","JDSUD"
880,"Siemens N chf","827766CH","SIN.S"
879,"Siemens N eur","827766EU","SIE.XE"
869,"Sogecable","829135EU","SGC.MAC"
386,"Deutsche Bank N","829257CH","DBKGn.S"
385,"Deutsche Bank AG Namen","829257EU","DBK.XE"
1632,"MP3.com Inc","829550","bigmac12"
54,"Gold Fields","832382SA","null36"
1592,"Reuters Group Plc","832614","palace34"
1569,"IDS Intelligent Detection SYS","838094","palace12"
1585,"Gtr Group Inc.","841098","palace27"
720,"Numico","841757EU","NUM.AS"
1332,"Genentech Inc.","843475US","DNA"
283,"BP Amoco Common Stock","844183","BP..L"
1565,"UBS SA OLD","847092","palace8"
1015,"Verisign Inc Common Stock","847364","VRSN"
1564,"Units Gottardo SHS Basket Japan 10.2.99","848102","palace7"
485,"Free State Gold","848328SA","FSG.BRU"
1588,"USA Networks Inc.","854018","palace30"
223,"Avgold","855617SA","AVGJ.J"
203,"Anglogold","856790SA","ANGJ.J"
165,"Aegon","870611EU","AGN.AS"
1010,"Vontobel I","87255CH","VONN.S"
468,"Fiat spa","872949EU","F.MI"
1798,"Fiat Priv","872968","FP.MI"
1799,"Fiat Risp","872988","FR.MI"
848,"Saia-Burgess N","873861CH","SBEN.S"
234,"BAE Sysytems Common Stock","874077","BA..L"
856,"Swisscom N","874251CH","SCMN.S"
919,"SAIR Group","881506CH","SWSZn.S"
187,"Altadis SA","882371EU","ALT.MAC"
361,"Banca Carige SpA","894838EU","CRG.MI"
162,"Adval Tech N","896792CH","ADVN.S"
504,"Gretag Imaging N","898438CH","GIGNn.S"
1596,"Cert US Stocks Benchmark 28.03.03","9000020414","palace38"
132,"Agilent Tech","901692US","A"
142,"Abbott Labs Common Stock","903037US","ABT"
1639,"ACTV Inc.","903315","bigmac19"
167,"The AES Corp Common Stock","903613US","AES.N"
74,"Air Express int.","903801US","null14"
206,"America On Line","906606US","TWX"
197,"Amgen Inc Common Stock","907582","AMGN"
137,"Apple Computer Common Stock","908440US","AAPL"
243,"Brit Am Tobacco Common Stock","909525GB","BATS.L"
262,"Baker Hughes","910918US","BHI"
1625,"Bank of NY","911172","bigmac6"
275,"Bristol Mayer Squibb","914188US","BMY"
78,"Zürich Allied","914210CH","null15"
186,"ALSTOM","915027EU","ALS.PA"
323,"Chief Cons.Mining","918272US","CFCM.O"
367,"Cisco System","918546US","CSCO"
1561,"Mediaone Group Inc","918692","palace4"
436,"EMAK s.p.a.","918868EU","EM.MI"
83,"EMAK S.p.a.","918868IT","null37"
84,"Coca Cola Co","919390CH","KO.S"
595,"Coca Cola","919390US","KO"
334,"Colgate Common Stock","919477US","CL"
1755,"Columbia Laboratories","919756US","CBRX.O"
1594,"Compaq Corp.","920123","palace36"
357,"Compaq Computer","920123US","CPQ.N"
1716,"BENETTON GROUP SPA","922132","bianchi7"
438,"EMC Corp","926696US","EMC"
390,"Du Pont Nemours & Co","927399US","DD"
391,"E.I.Du Pont de Nemours","927401CH","DD.S"
441,"Emerson Electric Common Stock","928215","EMR"
484,"Freddie Mac","929673US","FMCC.OB"
476,"Fannie Mae","929694US","FNMA.OB"
250,"BBVA Common Stock","931474CH","BBVA.MAC"
500,"General Electric","933071US","GE"
501,"General Electric","933079CH","GE.S"
511,"GM Common Stock","933261US","GM"
1033,"Waste Managemnt Inc","933404US","WMI"
381,"Celanese AG","933566EU","CZZ.XE"
1589,"Halliburton","937414","palace31"
550,"Hewlett - Packard Co","938718US","HPQ"
1610,"JB Multibond EUR b","941109","palace50"
570,"Intel Corp","941595CH","INTC.S"
569,"Intel Corp.","941595US","INTC"
557,"IBM","941800US","IBM"
1846,"Citigroup","942676EU","942676EU"
296,"Citigroup Inc.","942676US","C"
584,"Johnson & Johnson","943981US","JNJ"
587,"Kellogg Co","944624US","K"
594,"Kimberly Clark Common Stock","945034","KMB"
1604,"JP Morgan Euroland Fund","945248","palace46"
389,"DaimlerChrysler","945657CH","DCX.S"
25,"DaimlerChrysler","945657D","null39"
388,"Daimlerchrysler","945657EU","DCX.XE"
621,"Eli Lilly & Co","947556US","LLY"
1655,"Lansdowne European Eq Fund","948042","bigmac33"
631,"Loews Corp Common Stock","948190","L.N"
1627,"MCDONALD'S Corp.","950605","bigmac8"
654,"Medtronic Inc Common Stock","950980US","MDT"
677,"Merck & Co","951138US","MRK"
680,"Microsoft Corp","951692US","MSFT"
1660,"Minnesota Mining & Manufactoring Co","952509","bigmac38"
26,"Mobil Corp","952962US","null16"
18,"Mobil Corp","952963CH","null17"
19,"Monsanto","953310US","null18"
122,"NTT Do Co Mo","953823JP","9437.T"
424,"EBAY","956191US","EBAY"
696,"Newmont Mining Common Stock","956952US","NEM"
702,"Nike Inc Common Stock","957150","NKE"
711,"Norfolk Southern Common Stock","957370","NSC"
708,"Novell Inc Common Stock","958085US","NOVL"
742,"Occidental Common Stock","958611","OXY"
739,"Oracle Corp Common Stock","959184US","ORCL"
1566,"PAGING NETWORK INC.","960232","palace9"
760,"Pfizer","962004US","PFE"
786,"Pharmaceutical Res.","962028US","PRX.N"
761,"Procter & Gamble Common Stock","963896US","PG"
898,"SANPAOLO IMI SPA","964338EU","SPI.MI"
1614,"QUALCOMM INC","964930","palace54"
1562,"Sara Lee Corp","968372","palace5"
1612,"Sprint Corp","970241","palace52"
1712,"SOUTHMARK CORP","971811","bianchi3"
1713,"SOUTHMARK CORP -A-","971812","bianchi4"
915,"Sun Microsystem","974846US","JAVA"
656,"Mediolanum SpA","976622EU","MED.MI"
1573,"Texas Instrument Inc.","976910","palace16"
1577,"United Tech Corp","980943","palace20"
231,"Astra Zeneca Common Stock","982352","AZN.L"
31,"Vitesse Semi.","983748US","null19"
1034,"Walmart Stores","984101US","WMT"
402,"The Walt Disney","984192US","DIS"
1623,"Warner Lambert","984434","bigmac4"
34,"Warner Lambert","984434US","Warner Lambert"
1642,"Western Digital","985376","bigmac22"
1821,"Sector Spdr Trust Discretionary Select Sector","986013","bang5"
1815,"Sector Spdr Trust Energy Select Fund","986016","bang1"
1483,"S&P Sel Energy SPDR Fund","986016US","XLE"
1820,"Sector Trust Financial Selct","986018","bang4"
1633,"Alcoa Inc.","986052","bigmac13"
1645,"xerox","987530","bigmac25"
1831,"ENI Adr","990631333","umidita1"
1624,"MCKESSON HBOC","991041","bigmac5"
1603,"LODH Euro Credit Bond -A-","992515","palace45"
1607,"Mercury Selected Eur Markets Fund","995890","palace48"
1719,"PLANETARIUM FUND CHF BOND","996018","bianchi10"
1829,"S&P500","998434","bang7"
1970,"IMMOFINANZ AG","AT0000809058","IIA.VIE"
1963,"CLEAN SEAS FPO","AU000000CSS3","CSS.AX"
1986,"TELSTRA FPO","AU000000TLS2","TLS.AX"
487,"Artilium","B1L7NQ3","ARTA.L"
1671,"GLS OFFSHORE GLOBAL OFF. FUND CLASS B S.15","battle1","battle5"
2238,"Anheuser Busch InBev","BE0003793107","ABI.BRU"
1958,"CAMECO CORP","CA13321L1085","CCO.TO"
1784,"Franco-Nevada","CA3518581051","FNV.TO"
1971,"INTL MINERALS N","CA4598751002","IMZ.S"
1981,"POWER FINANCIAL CORP.","CA73927C1005","PWF.TO"
1984,"SUNCOR ENERGY  INC. CO","CA8672241079","SU.N"
1956,"Lagerhäuser der Centralschweiz, Baden","CH0002012190","201219.BEKB"
1960,"CITRON I","CH0006242272","CIT.SBX"
1977,"NEW VENTURE I","CH0007036830","NEV.S"
208,"Absolute Private Equity AG","CH0011113336","ABSP-USD.S"
1969,"HBM N","CH0012627250","HBMN.S"
1976,"NOBLE CORPORATION  NEW","CH0033347318","NE.N"
274,"BMW Common Stock","DE0005190003","BMW.XE"
1965,"CONSTANTIN MEDIEN AG O.N.","DE0009147207","EV4.XE"
2241,"Aixtron","DE000A0WMPJ6","AIXA.XE"
1978,"PORSCHE AUTOM.HLDG VZO","DE000PAH0038","PAH3.XE"
2237,"Industria de Diseno Textil","ES0148396015","ITX.MAC"
1955,"SAMPO OYJ SAMPO A ORD SHS","FI0009003305","0HAG.LI"
567,"Imperial Tobacco Common Stock","GB0004544929","IMT.L"
1975,"MORRISON(WM.)SUPERMARKETS PLC ORD 10P","GB0006043169","MRW.L"
819,"Rio Tinto Common Stock","GB0007188757","RIO.L"
1989,"XSTRATA PLC ORD USD0.50","GB0031411001","XTA.L"
2236,"Reed Elsevier","GB00B2B0DG97","REL.L"
1972,"Indofood Sukses Makmur Tbk","ID1000057003","INDF.JA"
2223,"De Longhi","IT0003115950","DLG.MI"
1962,"COSMO N","IT0004167463","COPN.S"
2226,"Piquadro","IT0004240443","PQ.MI"
2224,"Damiani","IT0004249329","DMN.MI"
1985,"LOGWIN AG","LU0106198319","TGH.XE"
1693,"MELLON GO SERIES","MELLGO535","battle24"
534,"Heineken NV Common Stock","NL0000009165","HEIA.AS"
1987,"TOMTOM","NL0000387058","TOM2.AS"
2167,"Burani Designer","NL0000886521","NL0000886521"
1683,"PARADIGM GLOBAL FUND 1 USD","paradigm1","battle15"
2232,"Aflac","US0010551028","AFL.N"
1957,"BIG LOTS  INC. COMMON","US0893021032","BIG.N"
235,"The Boeing Co Common Stock","US0970231058","BA"
2165,"Chevron","US1667641005","CVX.N"
2198,"Coach","US1897541041","COH.N"
1959,"COEUR D ALENE MINES CO","US1921085049","CDE.N"
1961,"CONOCOPHILLIPS COMMON","US20825C1045","COP.N"
509,"Corning Inc Common Stock","US2193501051","GLW"
1964,"DIRECTV - CMN STK","US25490A1016","DTV.O"
1966,"FOREST LABORATORIES  I","US3458381064","FRX.N"
1967,"GOLD FIELDS LTD. AMERI","US38059T1060","GFI.N"
1968,"GOLDMAN SACHS GROUP  I","US38141G1040","GS.N"
585,"JP Morgan Common Stock","US46625H1005","JPM"
1974,"METLIFE  INC. COMMON S","US59156R1086","MET.N"
749,"PG&E Common Stock","US69331C1080","PCG"
1979,"POSCO COMMON STOCK","US6934831099","PKX.N"
1980,"PHILIP MORRIS INTERNAT","US7181721090","PM.N"
1982,"POWERSHARES QQQ TRUST","US73935A1043","QQQQ.O"
1983,"Semiconductor Holdrs","US8166362033","HO4.GBE"
2227,"Sony","US8356993076","SNE.N"
1988,"THE TRAVELERS COMPANIE","US89417E1091","TRV.N"
2196,"Western Digital","US9581021055","WDC.N"
