"ID_strumento","ID","NomeDebitoreRedditoFisso","NumeroValore","RatingRedditoFisso"
2,830,"DEPFA","840034","AAA"
2,992,"KFW","917423","AAA"
2,2225,"ING Australia","AU3CB0198463","A+"
2,1803,"Total","CH0019854212","AA-"
2,2073,"Telstra","CH0020991342","A"
2,1748,"EBN","CH0022765074","AAA"
2,2087,"NTT","CH0024516459","AA"
2,2127,"Swedish Exp Credit","CH0025164739","AA+"
2,2128,"EBN","CH0025906220","AAA"
2,2124,"Total Capital","CH0027847232","AA-"
2,1988,"Toyota","CH0028813316","AA-"
2,2097,"BP Capital Markets","CH0037784490","A"
2,2123,"Coca Cola","CH0043689451","A+"
2,2074,"GDF Suez","CH0048506874","A"
2,2125,"Sanofi","CH0048787532","AA-"
2,2138,"Westpac","CH0049553388","AAA"
2,2075,"France Telecom","CH0049666503","A-"
2,2131,"E.ON Int Fin","CH0049707729","A"
2,2076,"Swiss Re","CH0104410680","AA-"
2,2086,"LGT Finance","CH0105413253","A+"
2,2121,"Ex-Imp","CH0106254615","A"
2,2084,"Poland","CH0110741136","A-"
2,2085,"BMW Australia","CH0115457662","A-"
2,2213,"LGT Finance","CH0128250500","A+"
2,2115,"Hyundai","CH0129638364","BBB+"
2,2126,"Daimler International","CH0131628676","A-"
2,2241,"Westpac FRN (02.04.2015)","CH0181379543C","AAA"
2,2130,"Ind Bank of Korea","CH0186598097",NA
11,2209,"CS","CH0190462702",NA
2,2220,"Daimler (17.04.2013)","DE000A1GV811","A-"
2,2010,"Daimler","DE000A1MLSR4",NA
2,2049,"Carrefour","FR0010257873","BBB+"
11,1689,">3Y Ex.Ellio.CV Fd J 3D","FR0010868919",NA
2,1950,"Cades","FR0011147701","AAA"
2,2219,"ENI (29.06.2015)","IT0004503766","A"
2,2077,"JB Local Em Mkt Bond Fund","LU0256065409",NA
2,1426,"Pictet EM LCL CCY DBT-I EUR","LU0280437160",NA
2,2051,"UBS Bond Sicav - Asian High Yield","LU0626906662",NA
2,2235,"Brisa","PTBSSGOE0009",NA
2,2033,"Slovenia","SI0002102935","A"
2,1719,"Vodafone","XS0236598164","A-"
2,2240,"Intesa FRN (20.02.2018)","XS0243399556A","BBB"
2,1654,"Morgan Stanley","XS0270800815","A"
2,1659,"UBS AG","XS0341224151","A+"
2,2197,"DB London FRN (16.04.13)","XS0410173339F","A+"
2,1554,"Sanofi-Aventis","XS0428037666","AA-"
2,1656,"EIB","XS0475588678","AAA"
2,1338,"KFW","XS0479172982","AAA"
2,2222,"BNG","XS0492221147","AAA"
2,1655,"Rabobank","XS0512076885","AAA"
2,1674,"Caterpillar","XS0518187769","A"
2,2227,"Credit Suisse (17.06.13)","XS0518615074L","A+"
2,1699,"GE Cap European","XS0541454467","AA+"
2,2072,"CS Guernsey","XS0544720641","A+"
2,2060,"Trade & Dev Bk","XS0552420977",NA
2,2202,"Westpac Banking Corp (29.10.13)","XS0555005684H","AA"
2,1658,"IADB","XS0573957296",NA
2,1663,"Intesa San Paolo","XS0586635061",NA
2,2050,"IPIC","XS0605558856","AA"
2,2239,"ING (28.03.2013)","XS0609572663A","A+"
2,2003,"Goldman","XS0625359384","A-"
2,2218,"ENEL","XS0695401801","BBB+"
2,1943,"Enel","XS0695403765","A-"
2,1995,"VW Int Fin","XS0731679907","A-"
2,2230,"Daimler","XS0795086916","A-"
2,2163,"Banque PSA","XS0798333802",NA
2,2201,"SECC","XS0811907392",NA
2,2228,"Santander","XS0821078861","A-"
2,2224,"Daimler","XS0822605522","A-"
2,2223,"Intesa Sanpaolo","XS0829329506","Baa2"
2,2229,"Carrefour","XS0833631343",NA
2,2237,"Petrobras","XS0835886598",NA
2,2226,"Rabobank Nederland (17.06.13)","11429971I","AAA"
2,1067,"NED WATER","1564491","AAA"
